experiment_name,experiment,config_file,environment,environment_id,resolved_environment_id,observation_representation,agent,seed,phase,train_steps,eval_checkpoint,eval_return,checkpoint,episode,return,length,success,environment_steps,gradient_updates,elapsed_seconds,training_elapsed_seconds,evaluation_elapsed_seconds,wall_clock_training_time,wall_clock_evaluation_time,git_commit_hash,package_version,python_version,torch_version,numpy_version,gymnasium_version,minigrid_version,mean_gate,support_abstention_rate,global_tabular_error,global_neural_error,visited_states,failure_rate,collision_rate,risk_zone_rate,unsupported_state_ratio,memory_branch_usage_ratio,neural_branch_usage_ratio,abstention_ratio,adaptive_alpha_mean,adaptive_alpha_iqr,support_score_mean,uncertainty_score_mean,inference_time_us_per_decision_mean,inference_time_us_per_decision_median,selected_branch,memory_cost_states,memory_cost_entries,memory_cost_bytes_estimated
asoc_fuzzy_sensitivity_ablation,asoc_fuzzy_sensitivity_ablation,configs/fuzzy_sensitivity_ablation.json,ApplicationNavigation-deployment-goal-shift,ApplicationNavigationSupportShift-v0,ApplicationNavigationSupportShift-v0,native_gymnasium_observation,fuzzy_kappa_025,980,train,40,,,40,1,-2.1800000000000006,40,0.0,40,0,0.016500250999797572,0.016500250999797572,0.0,0.016500250999797572,0.0,unknown,1.4.0,3.13.5,2.10.0+cpu,2.3.5,fallback-local,not-installed,0.18932417253283662,0.0,0.1354553,0.13861901205061872,9.0,1.0,0.15,0.0,0.975,0.004733104313320915,0.020266895686679085,0.0,0.18932417253283662,0.0,0.004531731173050455,0.574060417009434,34.430125000000004,19.9735,none,9.0,45.0,396.0
asoc_fuzzy_sensitivity_ablation,asoc_fuzzy_sensitivity_ablation,configs/fuzzy_sensitivity_ablation.json,ApplicationNavigation-deployment-goal-shift,ApplicationNavigationSupportShift-v0,ApplicationNavigationSupportShift-v0,native_gymnasium_observation,fuzzy_kappa_025,980,eval,50,50,4.98,50,1,4.98,2,1.0,50,0,0.02491398099982689,0.021449224999742,0.00346475600008489,0.021449224999742,0.00346475600008489,unknown,1.4.0,3.13.5,2.10.0+cpu,2.3.5,fallback-local,not-installed,0.11048223997221156,0.0,0.08594053,0.09195181606978892,13.0,0.0,0.0,0.0,1.0,0.0,1.0,0.0,0.0,0.0,0.0,0.2689028446365159,401.95450000000005,401.95450000000005,neural,14.0,70.0,600.0
asoc_fuzzy_sensitivity_ablation,asoc_fuzzy_sensitivity_ablation,configs/fuzzy_sensitivity_ablation.json,ApplicationNavigation-deployment-goal-shift,ApplicationNavigationSupportShift-v0,ApplicationNavigationSupportShift-v0,native_gymnasium_observation,fuzzy_kappa_025,980,eval,50,50,4.98,50,2,4.98,2,1.0,50,0,0.025016002000029403,0.021551245999944513,0.00346475600008489,0.021551245999944513,0.00346475600008489,unknown,1.4.0,3.13.5,2.10.0+cpu,2.3.5,fallback-local,not-installed,0.11048223997221156,0.0,0.08594053,0.09195181606978892,13.0,0.0,0.0,0.0,1.0,0.0,1.0,0.0,0.0,0.0,0.0,0.2689028446365159,454.67150000000004,454.67150000000004,neural,14.0,70.0,600.0
asoc_fuzzy_sensitivity_ablation,asoc_fuzzy_sensitivity_ablation,configs/fuzzy_sensitivity_ablation.json,ApplicationNavigation-deployment-goal-shift,ApplicationNavigationSupportShift-v0,ApplicationNavigationSupportShift-v0,native_gymnasium_observation,fuzzy_kappa_025,980,train,80,,,80,2,-2.1800000000000006,40,0.0,80,0,0.03849152899965702,0.03502677299957213,0.00346475600008489,0.03502677299957213,0.00346475600008489,unknown,1.4.0,3.13.5,2.10.0+cpu,2.3.5,fallback-local,not-installed,0.08638976824718543,0.0,0.026463974,0.029742628211278516,22.0,1.0,0.15,0.0,0.65,0.049203094502878256,0.9507969054971218,0.0,0.049203094502878256,0.1368918895664779,0.048423858182154556,0.3258404267315971,74.84442499999999,20.5135,neural,22.0,110.0,968.0
asoc_fuzzy_sensitivity_ablation,asoc_fuzzy_sensitivity_ablation,configs/fuzzy_sensitivity_ablation.json,ApplicationNavigation-deployment-goal-shift,ApplicationNavigationSupportShift-v0,ApplicationNavigationSupportShift-v0,native_gymnasium_observation,fuzzy_kappa_025,980,eval,100,100,-9.31,100,1,-9.31,40,0.0,100,0,0.08277846299961311,0.04277656099975502,0.04000190199985809,0.04277656099975502,0.04000190199985809,unknown,1.4.0,3.13.5,2.10.0+cpu,2.3.5,fallback-local,not-installed,0.09992769109172531,0.0,0.012382621,0.01656124691713537,29.0,1.0,0.925,0.0,1.0,0.0,1.0,0.0,0.0,0.0,0.0,0.06212923712156736,403.679525,388.91150000000005,neural,29.0,145.0,1276.0
asoc_fuzzy_sensitivity_ablation,asoc_fuzzy_sensitivity_ablation,configs/fuzzy_sensitivity_ablation.json,ApplicationNavigation-deployment-goal-shift,ApplicationNavigationSupportShift-v0,ApplicationNavigationSupportShift-v0,native_gymnasium_observation,fuzzy_kappa_025,980,eval,100,100,-9.31,100,2,-9.31,40,0.0,100,0,0.08290835899970261,0.04290645699984452,0.04000190199985809,0.04290645699984452,0.04000190199985809,unknown,1.4.0,3.13.5,2.10.0+cpu,2.3.5,fallback-local,not-installed,0.09992769109172531,0.0,0.012382621,0.01656124691713537,29.0,1.0,0.925,0.0,1.0,0.0,1.0,0.0,0.0,0.0,0.0,0.06212923712156736,356.09337500000004,349.573,neural,29.0,145.0,1276.0
asoc_fuzzy_sensitivity_ablation,asoc_fuzzy_sensitivity_ablation,configs/fuzzy_sensitivity_ablation.json,ApplicationNavigation-deployment-goal-shift,ApplicationNavigationSupportShift-v0,ApplicationNavigationSupportShift-v0,native_gymnasium_observation,fuzzy_kappa_025,980,train,100,,,100,3,-0.7900000000000003,20,0.0,100,0,0.08370183799979714,0.043699935999939044,0.04000190199985809,0.043699935999939044,0.04000190199985809,unknown,1.4.0,3.13.5,2.10.0+cpu,2.3.5,fallback-local,not-installed,0.09992769109172531,0.0,0.012382621,0.01656124691713537,29.0,1.0,0.05,0.1,0.0,0.12213537548743052,0.8778646245125696,0.0,0.12213537548743052,0.13115522815896463,0.12164484478178872,0.41207303423536834,40.4193,18.805500000000002,neural,29.0,145.0,1276.0
asoc_fuzzy_sensitivity_ablation,asoc_fuzzy_sensitivity_ablation,configs/fuzzy_sensitivity_ablation.json,ApplicationNavigation-deployment-goal-shift,ApplicationNavigationSupportShift-v0,ApplicationNavigationSupportShift-v0,native_gymnasium_observation,fuzzy_kappa_025,981,train,40,,,40,1,-4.25,40,0.0,40,0,0.015840286000184278,0.015840286000184278,0.0,0.015840286000184278,0.0,unknown,1.4.0,3.13.5,2.10.0+cpu,2.3.5,fallback-local,not-installed,0.3164051956819828,0.0,0.14158218,0.1567002005887932,7.0,1.0,0.375,0.0,0.775,0.07591304482688946,0.14908695517311055,0.0,0.3373913103417309,0.0,0.07065308090967723,0.6241263313854483,41.150525,14.8825,none,7.0,35.0,308.0
asoc_fuzzy_sensitivity_ablation,asoc_fuzzy_sensitivity_ablation,configs/fuzzy_sensitivity_ablation.json,ApplicationNavigation-deployment-goal-shift,ApplicationNavigationSupportShift-v0,ApplicationNavigationSupportShift-v0,native_gymnasium_observation,fuzzy_kappa_025,981,eval,50,50,-0.8000000000000004,50,1,-0.8000000000000004,40,0.0,50,0,0.05824022600017997,0.019572770000195305,0.03866745599998467,0.019572770000195305,0.03866745599998467,unknown,1.4.0,3.13.5,2.10.0+cpu,2.3.5,fallback-local,not-installed,0.3164051956819828,0.0,0.09025524,0.10191431346665906,12.0,1.0,0.0,0.0,1.0,0.0,1.0,0.0,0.0,0.0,0.0,0.28959979621946974,406.1268,395.491,neural,13.0,65.0,556.0
asoc_fuzzy_sensitivity_ablation,asoc_fuzzy_sensitivity_ablation,configs/fuzzy_sensitivity_ablation.json,ApplicationNavigation-deployment-goal-shift,ApplicationNavigationSupportShift-v0,ApplicationNavigationSupportShift-v0,native_gymnasium_observation,fuzzy_kappa_025,981,eval,50,50,-0.8000000000000004,50,2,-0.8000000000000004,40,0.0,50,0,0.05838084000015442,0.019713384000169754,0.03866745599998467,0.019713384000169754,0.03866745599998467,unknown,1.4.0,3.13.5,2.10.0+cpu,2.3.5,fallback-local,not-installed,0.3164051956819828,0.0,0.09025524,0.10191431346665906,12.0,1.0,0.0,0.0,1.0,0.0,1.0,0.0,0.0,0.0,0.0,0.28959979621946974,405.234325,393.5525,neural,13.0,65.0,556.0
asoc_fuzzy_sensitivity_ablation,asoc_fuzzy_sensitivity_ablation,configs/fuzzy_sensitivity_ablation.json,ApplicationNavigation-deployment-goal-shift,ApplicationNavigationSupportShift-v0,ApplicationNavigationSupportShift-v0,native_gymnasium_observation,fuzzy_kappa_025,981,train,80,,,80,2,-2.9700000000000006,40,0.0,80,0,0.06925503799993749,0.030587581999952818,0.03866745599998467,0.030587581999952818,0.03866745599998467,unknown,1.4.0,3.13.5,2.10.0+cpu,2.3.5,fallback-local,not-installed,0.1707025978409914,0.0,0.031103844,0.049066133347979976,19.0,1.0,0.175,0.175,0.025,0.2160491111382412,0.7839508888617588,0.0,0.2160491111382412,0.30418020206952945,0.2020514692675949,0.5044864899709791,35.354325,15.7775,neural,19.0,95.0,836.0
asoc_fuzzy_sensitivity_ablation,asoc_fuzzy_sensitivity_ablation,configs/fuzzy_sensitivity_ablation.json,ApplicationNavigation-deployment-goal-shift,ApplicationNavigationSupportShift-v0,ApplicationNavigationSupportShift-v0,native_gymnasium_observation,fuzzy_kappa_025,981,eval,100,100,-9.54,100,1,-9.54,40,0.0,100,0,0.10859928399986529,0.03765546500017081,0.07094381899969449,0.03765546500017081,0.07094381899969449,unknown,1.4.0,3.13.5,2.10.0+cpu,2.3.5,fallback-local,not-installed,0.22447104604650706,0.0,0.013304526,0.03163186499070176,21.0,1.0,0.95,0.0,1.0,0.0,1.0,0.0,0.0,0.0,0.0,0.11231635664432398,340.66625000000005,328.29999999999995,neural,21.0,105.0,924.0
asoc_fuzzy_sensitivity_ablation,asoc_fuzzy_sensitivity_ablation,configs/fuzzy_sensitivity_ablation.json,ApplicationNavigation-deployment-goal-shift,ApplicationNavigationSupportShift-v0,ApplicationNavigationSupportShift-v0,native_gymnasium_observation,fuzzy_kappa_025,981,eval,100,100,-0.8000000000000004,100,2,-0.8000000000000004,40,0.0,100,0,0.10872592499981693,0.03778210600012244,0.07094381899969449,0.03778210600012244,0.07094381899969449,unknown,1.4.0,3.13.5,2.10.0+cpu,2.3.5,fallback-local,not-installed,0.22447104604650706,0.0,0.013304526,0.03163186499070176,21.0,1.0,0.0,0.0,1.0,0.0,1.0,0.0,0.0,0.0,0.0,0.11231635664432398,331.25425,322.446,neural,21.0,105.0,924.0
asoc_fuzzy_sensitivity_ablation,asoc_fuzzy_sensitivity_ablation,configs/fuzzy_sensitivity_ablation.json,ApplicationNavigation-deployment-goal-shift,ApplicationNavigationSupportShift-v0,ApplicationNavigationSupportShift-v0,native_gymnasium_observation,fuzzy_kappa_025,981,train,100,,,100,3,-1.1000000000000003,20,0.0,100,0,0.10979639400011365,0.038852575000419165,0.07094381899969449,0.038852575000419165,0.07094381899969449,unknown,1.4.0,3.13.5,2.10.0+cpu,2.3.5,fallback-local,not-installed,0.22447104604650706,0.0,0.013304526,0.03163186499070176,21.0,1.0,0.1,0.15,0.0,0.30320414526457035,0.6967958547354298,0.0,0.30320414526457035,0.3895448388685697,0.2920523246774337,0.4957302524570994,40.0935,17.345,neural,21.0,105.0,924.0
asoc_fuzzy_sensitivity_ablation,asoc_fuzzy_sensitivity_ablation,configs/fuzzy_sensitivity_ablation.json,ApplicationNavigation-deployment-goal-shift,ApplicationNavigationSupportShift-v0,ApplicationNavigationSupportShift-v0,native_gymnasium_observation,fuzzy_kappa_4,980,train,40,,,40,1,-2.1800000000000006,40,0.0,40,0,0.01704040200002055,0.01704040200002055,0.0,0.01704040200002055,0.0,unknown,1.4.0,3.13.5,2.10.0+cpu,2.3.5,fallback-local,not-installed,0.13533818289691507,0.0,0.1354553,0.13861901205061872,9.0,1.0,0.15,0.0,0.975,0.0033834545724228766,0.02161654542757712,0.0,0.13533818289691507,0.0,0.004531731173050455,0.07769023331296603,33.4869,21.1445,none,9.0,45.0,396.0
asoc_fuzzy_sensitivity_ablation,asoc_fuzzy_sensitivity_ablation,configs/fuzzy_sensitivity_ablation.json,ApplicationNavigation-deployment-goal-shift,ApplicationNavigationSupportShift-v0,ApplicationNavigationSupportShift-v0,native_gymnasium_observation,fuzzy_kappa_4,980,eval,50,50,4.98,50,1,4.98,2,1.0,50,0,0.02359700500028339,0.020903215000089403,0.002693790000193985,0.020903215000089403,0.002693790000193985,unknown,1.4.0,3.13.5,2.10.0+cpu,2.3.5,fallback-local,not-installed,0.07947515412877444,0.0,0.08594053,0.09195181606978892,13.0,0.0,0.0,0.0,1.0,0.0,1.0,0.0,0.0,0.0,0.0,0.022471382900619345,366.549,366.549,neural,14.0,70.0,600.0
asoc_fuzzy_sensitivity_ablation,asoc_fuzzy_sensitivity_ablation,configs/fuzzy_sensitivity_ablation.json,ApplicationNavigation-deployment-goal-shift,ApplicationNavigationSupportShift-v0,ApplicationNavigationSupportShift-v0,native_gymnasium_observation,fuzzy_kappa_4,980,eval,50,50,4.98,50,2,4.98,2,1.0,50,0,0.02368254800012437,0.020988757999930385,0.002693790000193985,0.020988757999930385,0.002693790000193985,unknown,1.4.0,3.13.5,2.10.0+cpu,2.3.5,fallback-local,not-installed,0.07947515412877444,0.0,0.08594053,0.09195181606978892,13.0,0.0,0.0,0.0,1.0,0.0,1.0,0.0,0.0,0.0,0.0,0.022471382900619345,325.6205,325.6205,neural,14.0,70.0,600.0
asoc_fuzzy_sensitivity_ablation,asoc_fuzzy_sensitivity_ablation,configs/fuzzy_sensitivity_ablation.json,ApplicationNavigation-deployment-goal-shift,ApplicationNavigationSupportShift-v0,ApplicationNavigationSupportShift-v0,native_gymnasium_observation,fuzzy_kappa_4,980,train,80,,,80,2,-2.1800000000000006,40,0.0,80,0,0.03762984900004085,0.034936058999846864,0.002693790000193985,0.034936058999846864,0.002693790000193985,unknown,1.4.0,3.13.5,2.10.0+cpu,2.3.5,fallback-local,not-installed,0.06505669800248705,0.0,0.026463974,0.029742628211278516,22.0,1.0,0.15,0.0,0.65,0.03650470495497199,0.9634952950450281,0.0,0.03650470495497199,0.10191472562859893,0.048423858182154556,0.033358062708053915,74.31087500000001,19.695,neural,22.0,110.0,968.0
asoc_fuzzy_sensitivity_ablation,asoc_fuzzy_sensitivity_ablation,configs/fuzzy_sensitivity_ablation.json,ApplicationNavigation-deployment-goal-shift,ApplicationNavigationSupportShift-v0,ApplicationNavigationSupportShift-v0,native_gymnasium_observation,fuzzy_kappa_4,980,eval,100,100,-9.31,100,1,-9.31,40,0.0,100,0,0.08034726000005321,0.042252349999671424,0.03809491000038179,0.042252349999671424,0.03809491000038179,unknown,1.4.0,3.13.5,2.10.0+cpu,2.3.5,fallback-local,not-installed,0.07480017082617249,0.0,0.012382621,0.01656124691713537,29.0,1.0,0.925,0.0,1.0,0.0,1.0,0.0,0.0,0.0,0.0,0.004123240229399405,363.6238,363.0915,neural,29.0,145.0,1276.0
asoc_fuzzy_sensitivity_ablation,asoc_fuzzy_sensitivity_ablation,configs/fuzzy_sensitivity_ablation.json,ApplicationNavigation-deployment-goal-shift,ApplicationNavigationSupportShift-v0,ApplicationNavigationSupportShift-v0,native_gymnasium_observation,fuzzy_kappa_4,980,eval,100,100,-9.31,100,2,-9.31,40,0.0,100,0,0.08044898700018166,0.04235407699979987,0.03809491000038179,0.04235407699979987,0.03809491000038179,unknown,1.4.0,3.13.5,2.10.0+cpu,2.3.5,fallback-local,not-installed,0.07480017082617249,0.0,0.012382621,0.01656124691713537,29.0,1.0,0.925,0.0,1.0,0.0,1.0,0.0,0.0,0.0,0.0,0.004123240229399405,375.98592500000007,374.0405,neural,29.0,145.0,1276.0
asoc_fuzzy_sensitivity_ablation,asoc_fuzzy_sensitivity_ablation,configs/fuzzy_sensitivity_ablation.json,ApplicationNavigation-deployment-goal-shift,ApplicationNavigationSupportShift-v0,ApplicationNavigationSupportShift-v0,native_gymnasium_observation,fuzzy_kappa_4,980,train,100,,,100,3,-0.7900000000000003,20,0.0,100,0,0.08124124000005395,0.04314632999967216,0.03809491000038179,0.04314632999967216,0.03809491000038179,unknown,1.4.0,3.13.5,2.10.0+cpu,2.3.5,fallback-local,not-installed,0.07480017082617249,0.0,0.012382621,0.01656124691713537,29.0,1.0,0.05,0.1,0.0,0.09579355427255684,0.904206445727443,0.0,0.09579355427255684,0.08326100776828514,0.12164484478178872,0.0442876605269386,37.62375,18.1845,neural,29.0,145.0,1276.0
asoc_fuzzy_sensitivity_ablation,asoc_fuzzy_sensitivity_ablation,configs/fuzzy_sensitivity_ablation.json,ApplicationNavigation-deployment-goal-shift,ApplicationNavigationSupportShift-v0,ApplicationNavigationSupportShift-v0,native_gymnasium_observation,fuzzy_kappa_4,981,train,40,,,40,1,-4.25,40,0.0,40,0,0.013970706000236532,0.013970706000236532,0.0,0.013970706000236532,0.0,unknown,1.4.0,3.13.5,2.10.0+cpu,2.3.5,fallback-local,not-installed,0.22272824558846732,0.0,0.14158218,0.1567002005887932,7.0,1.0,0.375,0.0,0.775,0.053442201362945654,0.17155779863705434,0.0,0.23752089494642512,0.0,0.07065308090967723,0.09402196795885914,35.0148,15.854,none,7.0,35.0,308.0
asoc_fuzzy_sensitivity_ablation,asoc_fuzzy_sensitivity_ablation,configs/fuzzy_sensitivity_ablation.json,ApplicationNavigation-deployment-goal-shift,ApplicationNavigationSupportShift-v0,ApplicationNavigationSupportShift-v0,native_gymnasium_observation,fuzzy_kappa_4,981,eval,50,50,-0.8000000000000004,50,1,-0.8000000000000004,40,0.0,50,0,0.04937874799998099,0.01735943799985762,0.03201931000012337,0.01735943799985762,0.03201931000012337,unknown,1.4.0,3.13.5,2.10.0+cpu,2.3.5,fallback-local,not-installed,0.22272824558846732,0.0,0.09025524,0.10191431346665906,12.0,1.0,0.0,0.0,1.0,0.0,1.0,0.0,0.0,0.0,0.0,0.024845549096935676,331.804575,330.668,neural,13.0,65.0,556.0
asoc_fuzzy_sensitivity_ablation,asoc_fuzzy_sensitivity_ablation,configs/fuzzy_sensitivity_ablation.json,ApplicationNavigation-deployment-goal-shift,ApplicationNavigationSupportShift-v0,ApplicationNavigationSupportShift-v0,native_gymnasium_observation,fuzzy_kappa_4,981,eval,50,50,-0.8000000000000004,50,2,-0.8000000000000004,40,0.0,50,0,0.04949720300010085,0.017477892999977485,0.03201931000012337,0.017477892999977485,0.03201931000012337,unknown,1.4.0,3.13.5,2.10.0+cpu,2.3.5,fallback-local,not-installed,0.22272824558846732,0.0,0.09025524,0.10191431346665906,12.0,1.0,0.0,0.0,1.0,0.0,1.0,0.0,0.0,0.0,0.0,0.024845549096935676,339.788275,333.7285,neural,13.0,65.0,556.0
asoc_fuzzy_sensitivity_ablation,asoc_fuzzy_sensitivity_ablation,configs/fuzzy_sensitivity_ablation.json,ApplicationNavigation-deployment-goal-shift,ApplicationNavigationSupportShift-v0,ApplicationNavigationSupportShift-v0,native_gymnasium_observation,fuzzy_kappa_4,981,train,80,,,80,2,-2.9700000000000006,40,0.0,80,0,0.06258549600033803,0.030566186000214657,0.03201931000012337,0.030566186000214657,0.03201931000012337,unknown,1.4.0,3.13.5,2.10.0+cpu,2.3.5,fallback-local,not-installed,0.12386412279423366,0.0,0.031103844,0.049066133347979976,19.0,1.0,0.175,0.175,0.025,0.15839525793803527,0.8416047420619648,0.0,0.15839525793803527,0.19935501443279136,0.2020514692675949,0.06694491045724069,40.1617,18.238500000000002,neural,19.0,95.0,836.0
asoc_fuzzy_sensitivity_ablation,asoc_fuzzy_sensitivity_ablation,configs/fuzzy_sensitivity_ablation.json,ApplicationNavigation-deployment-goal-shift,ApplicationNavigationSupportShift-v0,ApplicationNavigationSupportShift-v0,native_gymnasium_observation,fuzzy_kappa_4,981,eval,100,100,-9.54,100,1,-9.54,40,0.0,100,0,0.1020418820003215,0.037400119000267296,0.0646417630000542,0.037400119000267296,0.0646417630000542,unknown,1.4.0,3.13.5,2.10.0+cpu,2.3.5,fallback-local,not-installed,0.16212974948412945,0.0,0.013304526,0.03163186499070176,21.0,1.0,0.95,0.0,1.0,0.0,1.0,0.0,0.0,0.0,0.0,0.007845920969466966,343.44555,322.95550000000003,neural,21.0,105.0,924.0
asoc_fuzzy_sensitivity_ablation,asoc_fuzzy_sensitivity_ablation,configs/fuzzy_sensitivity_ablation.json,ApplicationNavigation-deployment-goal-shift,ApplicationNavigationSupportShift-v0,ApplicationNavigationSupportShift-v0,native_gymnasium_observation,fuzzy_kappa_4,981,eval,100,100,-0.8000000000000004,100,2,-0.8000000000000004,40,0.0,100,0,0.1021400800000265,0.0374983169999723,0.0646417630000542,0.0374983169999723,0.0646417630000542,unknown,1.4.0,3.13.5,2.10.0+cpu,2.3.5,fallback-local,not-installed,0.16212974948412945,0.0,0.013304526,0.03163186499070176,21.0,1.0,0.0,0.0,1.0,0.0,1.0,0.0,0.0,0.0,0.0,0.007845920969466966,338.59505,323.357,neural,21.0,105.0,924.0
asoc_fuzzy_sensitivity_ablation,asoc_fuzzy_sensitivity_ablation,configs/fuzzy_sensitivity_ablation.json,ApplicationNavigation-deployment-goal-shift,ApplicationNavigationSupportShift-v0,ApplicationNavigationSupportShift-v0,native_gymnasium_observation,fuzzy_kappa_4,981,train,100,,,100,3,-1.1000000000000003,20,0.0,100,0,0.10291190799989636,0.03827014499984216,0.0646417630000542,0.03827014499984216,0.0646417630000542,unknown,1.4.0,3.13.5,2.10.0+cpu,2.3.5,fallback-local,not-installed,0.16212974948412945,0.0,0.013304526,0.03163186499070176,21.0,1.0,0.1,0.15,0.0,0.22237496655841316,0.7776250334415868,0.0,0.22237496655841316,0.2651922562437126,0.2920523246774337,0.061046029240858814,31.981449999999995,15.924500000000002,neural,21.0,105.0,924.0
asoc_fuzzy_sensitivity_ablation,asoc_fuzzy_sensitivity_ablation,configs/fuzzy_sensitivity_ablation.json,ApplicationNavigation-deployment-goal-shift,ApplicationNavigationSupportShift-v0,ApplicationNavigationSupportShift-v0,native_gymnasium_observation,fuzzy_shoulder_conservative,980,train,40,,,40,1,-2.1800000000000006,40,0.0,40,0,0.013687188999938371,0.013687188999938371,0.0,0.013687188999938371,0.0,unknown,1.4.0,3.13.5,2.10.0+cpu,2.3.5,fallback-local,not-installed,0.05,0.0,0.1354553,0.13861901205061872,9.0,1.0,0.15,0.0,0.975,0.00125,0.02375,0.0,0.05,0.0,0.004531731173050455,0.2520219913320973,27.575,15.796,none,9.0,45.0,396.0
asoc_fuzzy_sensitivity_ablation,asoc_fuzzy_sensitivity_ablation,configs/fuzzy_sensitivity_ablation.json,ApplicationNavigation-deployment-goal-shift,ApplicationNavigationSupportShift-v0,ApplicationNavigationSupportShift-v0,native_gymnasium_observation,fuzzy_shoulder_conservative,980,eval,50,50,4.98,50,1,4.98,2,1.0,50,0,0.020823144000132743,0.01783184700025231,0.002991296999880433,0.01783184700025231,0.002991296999880433,unknown,1.4.0,3.13.5,2.10.0+cpu,2.3.5,fallback-local,not-installed,0.03333333333333333,0.0,0.08594053,0.09195181606978892,13.0,0.0,0.0,0.0,1.0,0.0,1.0,0.0,0.0,0.0,0.0,0.08420867543473372,364.842,364.842,neural,14.0,70.0,600.0
asoc_fuzzy_sensitivity_ablation,asoc_fuzzy_sensitivity_ablation,configs/fuzzy_sensitivity_ablation.json,ApplicationNavigation-deployment-goal-shift,ApplicationNavigationSupportShift-v0,ApplicationNavigationSupportShift-v0,native_gymnasium_observation,fuzzy_shoulder_conservative,980,eval,50,50,4.98,50,2,4.98,2,1.0,50,0,0.020926327999859495,0.017935030999979062,0.002991296999880433,0.017935030999979062,0.002991296999880433,unknown,1.4.0,3.13.5,2.10.0+cpu,2.3.5,fallback-local,not-installed,0.03333333333333333,0.0,0.08594053,0.09195181606978892,13.0,0.0,0.0,0.0,1.0,0.0,1.0,0.0,0.0,0.0,0.0,0.08420867543473372,346.3885,346.3885,neural,14.0,70.0,600.0
asoc_fuzzy_sensitivity_ablation,asoc_fuzzy_sensitivity_ablation,configs/fuzzy_sensitivity_ablation.json,ApplicationNavigation-deployment-goal-shift,ApplicationNavigationSupportShift-v0,ApplicationNavigationSupportShift-v0,native_gymnasium_observation,fuzzy_shoulder_conservative,980,train,80,,,80,2,-2.1800000000000006,40,0.0,80,0,0.03363872799991441,0.030647431000033976,0.002991296999880433,0.030647431000033976,0.002991296999880433,unknown,1.4.0,3.13.5,2.10.0+cpu,2.3.5,fallback-local,not-installed,0.03333333333333333,0.0,0.026463974,0.029742628211278516,22.0,1.0,0.15,0.0,0.65,0.0175,0.9825000000000002,0.0,0.0175,0.05,0.048423858182154556,0.11720529826696358,66.62559999999999,18.927,neural,22.0,110.0,968.0
asoc_fuzzy_sensitivity_ablation,asoc_fuzzy_sensitivity_ablation,configs/fuzzy_sensitivity_ablation.json,ApplicationNavigation-deployment-goal-shift,ApplicationNavigationSupportShift-v0,ApplicationNavigationSupportShift-v0,native_gymnasium_observation,fuzzy_shoulder_conservative,980,eval,100,100,-9.31,100,1,-9.31,40,0.0,100,0,0.07899611899983938,0.03910360700001547,0.03989251199982391,0.03910360700001547,0.03989251199982391,unknown,1.4.0,3.13.5,2.10.0+cpu,2.3.5,fallback-local,not-installed,0.03571428571428571,0.0,0.012382621,0.01656124691713537,29.0,1.0,0.925,0.0,1.0,0.0,1.0,0.0,0.0,0.0,0.0,0.016291440350849173,382.118,373.866,neural,29.0,145.0,1276.0
asoc_fuzzy_sensitivity_ablation,asoc_fuzzy_sensitivity_ablation,configs/fuzzy_sensitivity_ablation.json,ApplicationNavigation-deployment-goal-shift,ApplicationNavigationSupportShift-v0,ApplicationNavigationSupportShift-v0,native_gymnasium_observation,fuzzy_shoulder_conservative,980,eval,100,100,-9.31,100,2,-9.31,40,0.0,100,0,0.07910552700013795,0.039213015000314044,0.03989251199982391,0.039213015000314044,0.03989251199982391,unknown,1.4.0,3.13.5,2.10.0+cpu,2.3.5,fallback-local,not-installed,0.03571428571428571,0.0,0.012382621,0.01656124691713537,29.0,1.0,0.925,0.0,1.0,0.0,1.0,0.0,0.0,0.0,0.0,0.016291440350849173,388.7099,383.9705,neural,29.0,145.0,1276.0
asoc_fuzzy_sensitivity_ablation,asoc_fuzzy_sensitivity_ablation,configs/fuzzy_sensitivity_ablation.json,ApplicationNavigation-deployment-goal-shift,ApplicationNavigationSupportShift-v0,ApplicationNavigationSupportShift-v0,native_gymnasium_observation,fuzzy_shoulder_conservative,980,train,100,,,100,3,-0.7900000000000003,20,0.0,100,0,0.07981955100012783,0.03992703900030392,0.03989251199982391,0.03992703900030392,0.03989251199982391,unknown,1.4.0,3.13.5,2.10.0+cpu,2.3.5,fallback-local,not-installed,0.03571428571428571,0.0,0.012382621,0.01656124691713537,29.0,1.0,0.05,0.1,0.0,0.05000000000000001,0.9499999999999998,0.0,0.05000000000000001,0.0,0.12164484478178872,0.15428901567502784,36.497800000000005,22.076999999999998,neural,29.0,145.0,1276.0
asoc_fuzzy_sensitivity_ablation,asoc_fuzzy_sensitivity_ablation,configs/fuzzy_sensitivity_ablation.json,ApplicationNavigation-deployment-goal-shift,ApplicationNavigationSupportShift-v0,ApplicationNavigationSupportShift-v0,native_gymnasium_observation,fuzzy_shoulder_conservative,981,train,40,,,40,1,-4.48,40,0.0,40,0,0.015635344999736844,0.015635344999736844,0.0,0.015635344999736844,0.0,unknown,1.4.0,3.13.5,2.10.0+cpu,2.3.5,fallback-local,not-installed,0.11357046592576073,0.0,0.14159107,0.15902183656130692,7.0,1.0,0.4,0.0,0.775,0.029489524747117035,0.19551047525288295,0.0,0.13106455443163129,0.0,0.07065308090967723,0.2933450058134486,37.344849999999994,15.314,none,7.0,35.0,308.0
asoc_fuzzy_sensitivity_ablation,asoc_fuzzy_sensitivity_ablation,configs/fuzzy_sensitivity_ablation.json,ApplicationNavigation-deployment-goal-shift,ApplicationNavigationSupportShift-v0,ApplicationNavigationSupportShift-v0,native_gymnasium_observation,fuzzy_shoulder_conservative,981,eval,50,50,-0.8000000000000004,50,1,-0.8000000000000004,40,0.0,50,0,0.05642180099994221,0.019504925000092044,0.03691687599985016,0.019504925000092044,0.03691687599985016,unknown,1.4.0,3.13.5,2.10.0+cpu,2.3.5,fallback-local,not-installed,0.11357046592576073,0.0,0.09026057,0.10330436268286763,12.0,1.0,0.0,0.0,1.0,0.0,1.0,0.0,0.0,0.0,0.0,0.09363179026290255,382.898225,368.201,neural,13.0,65.0,556.0
asoc_fuzzy_sensitivity_ablation,asoc_fuzzy_sensitivity_ablation,configs/fuzzy_sensitivity_ablation.json,ApplicationNavigation-deployment-goal-shift,ApplicationNavigationSupportShift-v0,ApplicationNavigationSupportShift-v0,native_gymnasium_observation,fuzzy_shoulder_conservative,981,eval,50,50,-0.8000000000000004,50,2,-0.8000000000000004,40,0.0,50,0,0.05656458900011785,0.019647713000267686,0.03691687599985016,0.019647713000267686,0.03691687599985016,unknown,1.4.0,3.13.5,2.10.0+cpu,2.3.5,fallback-local,not-installed,0.11357046592576073,0.0,0.09026057,0.10330436268286763,12.0,1.0,0.0,0.0,1.0,0.0,1.0,0.0,0.0,0.0,0.0,0.09363179026290255,382.001125,368.1295,neural,13.0,65.0,556.0
asoc_fuzzy_sensitivity_ablation,asoc_fuzzy_sensitivity_ablation,configs/fuzzy_sensitivity_ablation.json,ApplicationNavigation-deployment-goal-shift,ApplicationNavigationSupportShift-v0,ApplicationNavigationSupportShift-v0,native_gymnasium_observation,fuzzy_shoulder_conservative,981,train,80,,,80,2,-2.9700000000000006,40,0.0,80,0,0.07364752400008001,0.03673064800022985,0.03691687599985016,0.03673064800022985,0.03691687599985016,unknown,1.4.0,3.13.5,2.10.0+cpu,2.3.5,fallback-local,not-installed,0.06928523296288036,0.0,0.03110499,0.04936449179356682,19.0,1.0,0.175,0.175,0.025,0.10103290387998025,0.8989670961200197,0.0,0.10103290387998025,0.09505982523632771,0.2020514692675949,0.21685243188427342,46.9342,20.8305,neural,19.0,95.0,836.0
asoc_fuzzy_sensitivity_ablation,asoc_fuzzy_sensitivity_ablation,configs/fuzzy_sensitivity_ablation.json,ApplicationNavigation-deployment-goal-shift,ApplicationNavigationSupportShift-v0,ApplicationNavigationSupportShift-v0,native_gymnasium_observation,fuzzy_shoulder_conservative,981,eval,100,100,-9.54,100,1,-9.54,40,0.0,100,0,0.11325575299997581,0.043137837999893236,0.07011791500008258,0.043137837999893236,0.07011791500008258,unknown,1.4.0,3.13.5,2.10.0+cpu,2.3.5,fallback-local,not-installed,0.10170402712380958,0.0,0.013304939,0.031738822293276334,21.0,1.0,0.95,0.0,1.0,0.0,1.0,0.0,0.0,0.0,0.0,0.03076245810226421,347.44285,343.531,neural,21.0,105.0,924.0
asoc_fuzzy_sensitivity_ablation,asoc_fuzzy_sensitivity_ablation,configs/fuzzy_sensitivity_ablation.json,ApplicationNavigation-deployment-goal-shift,ApplicationNavigationSupportShift-v0,ApplicationNavigationSupportShift-v0,native_gymnasium_observation,fuzzy_shoulder_conservative,981,eval,100,100,-0.8000000000000004,100,2,-0.8000000000000004,40,0.0,100,0,0.11335520800002996,0.043237292999947385,0.07011791500008258,0.043237292999947385,0.07011791500008258,unknown,1.4.0,3.13.5,2.10.0+cpu,2.3.5,fallback-local,not-installed,0.10170402712380958,0.0,0.013304939,0.031738822293276334,21.0,1.0,0.0,0.0,1.0,0.0,1.0,0.0,0.0,0.0,0.0,0.03076245810226421,343.99827500000004,334.31100000000004,neural,21.0,105.0,924.0
asoc_fuzzy_sensitivity_ablation,asoc_fuzzy_sensitivity_ablation,configs/fuzzy_sensitivity_ablation.json,ApplicationNavigation-deployment-goal-shift,ApplicationNavigationSupportShift-v0,ApplicationNavigationSupportShift-v0,native_gymnasium_observation,fuzzy_shoulder_conservative,981,train,100,,,100,3,-1.1000000000000003,20,0.0,100,0,0.11404793199972119,0.04393001699963861,0.07011791500008258,0.04393001699963861,0.07011791500008258,unknown,1.4.0,3.13.5,2.10.0+cpu,2.3.5,fallback-local,not-installed,0.10170402712380958,0.0,0.013304939,0.031738822293276334,21.0,1.0,0.1,0.15,0.0,0.16789648244889216,0.832103517551108,0.0,0.16789648244889216,0.18137920376752642,0.2920523246774337,0.20385710346625205,34.24995,13.4055,neural,21.0,105.0,924.0
asoc_fuzzy_sensitivity_ablation,asoc_fuzzy_sensitivity_ablation,configs/fuzzy_sensitivity_ablation.json,ApplicationNavigation-deployment-goal-shift,ApplicationNavigationSupportShift-v0,ApplicationNavigationSupportShift-v0,native_gymnasium_observation,fuzzy_tau_20,980,train,40,,,40,1,-2.1800000000000006,40,0.0,40,0,0.01997764699990512,0.01997764699990512,0.0,0.01997764699990512,0.0,unknown,1.4.0,3.13.5,2.10.0+cpu,2.3.5,fallback-local,not-installed,0.15429877479134674,0.0,0.1354553,0.13861901205061872,9.0,1.0,0.15,0.0,0.975,0.0038574693697836686,0.021142530630216334,0.0,0.15429877479134674,0.0,0.004531731173050455,0.2520219913320973,42.490575,22.9145,none,9.0,45.0,396.0
asoc_fuzzy_sensitivity_ablation,asoc_fuzzy_sensitivity_ablation,configs/fuzzy_sensitivity_ablation.json,ApplicationNavigation-deployment-goal-shift,ApplicationNavigationSupportShift-v0,ApplicationNavigationSupportShift-v0,native_gymnasium_observation,fuzzy_tau_20,980,eval,50,50,4.98,50,1,4.98,2,1.0,50,0,0.028927164999913657,0.025266913999985263,0.003660250999928394,0.025266913999985263,0.003660250999928394,unknown,1.4.0,3.13.5,2.10.0+cpu,2.3.5,fallback-local,not-installed,0.09013550398359482,0.0,0.08594053,0.09195181606978892,13.0,0.0,0.0,0.0,1.0,0.0,1.0,0.0,0.0,0.0,0.0,0.08420867543473372,462.6275,462.6275,neural,14.0,70.0,600.0
asoc_fuzzy_sensitivity_ablation,asoc_fuzzy_sensitivity_ablation,configs/fuzzy_sensitivity_ablation.json,ApplicationNavigation-deployment-goal-shift,ApplicationNavigationSupportShift-v0,ApplicationNavigationSupportShift-v0,native_gymnasium_observation,fuzzy_tau_20,980,eval,50,50,4.98,50,2,4.98,2,1.0,50,0,0.02901930899997751,0.025359058000049117,0.003660250999928394,0.025359058000049117,0.003660250999928394,unknown,1.4.0,3.13.5,2.10.0+cpu,2.3.5,fallback-local,not-installed,0.09013550398359482,0.0,0.08594053,0.09195181606978892,13.0,0.0,0.0,0.0,1.0,0.0,1.0,0.0,0.0,0.0,0.0,0.08420867543473372,365.543,365.543,neural,14.0,70.0,600.0
asoc_fuzzy_sensitivity_ablation,asoc_fuzzy_sensitivity_ablation,configs/fuzzy_sensitivity_ablation.json,ApplicationNavigation-deployment-goal-shift,ApplicationNavigationSupportShift-v0,ApplicationNavigationSupportShift-v0,native_gymnasium_observation,fuzzy_tau_20,980,train,80,,,80,2,-2.1800000000000006,40,0.0,80,0,0.043305070999849704,0.03964481999992131,0.003660250999928394,0.03964481999992131,0.003660250999928394,unknown,1.4.0,3.13.5,2.10.0+cpu,2.3.5,fallback-local,not-installed,0.07219017640620691,0.0,0.026463974,0.029742628211278516,22.0,1.0,0.15,0.0,0.65,0.04072977607689963,0.9592702239231004,0.0,0.04072977607689963,0.112734546486457,0.048423858182154556,0.11720529826696358,79.15205,23.278,neural,22.0,110.0,968.0
asoc_fuzzy_sensitivity_ablation,asoc_fuzzy_sensitivity_ablation,configs/fuzzy_sensitivity_ablation.json,ApplicationNavigation-deployment-goal-shift,ApplicationNavigationSupportShift-v0,ApplicationNavigationSupportShift-v0,native_gymnasium_observation,fuzzy_tau_20,980,eval,100,100,-9.31,100,1,-9.31,40,0.0,100,0,0.08956401099976574,0.04912499100009882,0.040439019999666925,0.04912499100009882,0.040439019999666925,unknown,1.4.0,3.13.5,2.10.0+cpu,2.3.5,fallback-local,not-installed,0.08310128008410249,0.0,0.012382621,0.01656124691713537,29.0,1.0,0.925,0.0,1.0,0.0,1.0,0.0,0.0,0.0,0.0,0.016291440350849173,342.10925,328.06399999999996,neural,29.0,145.0,1276.0
asoc_fuzzy_sensitivity_ablation,asoc_fuzzy_sensitivity_ablation,configs/fuzzy_sensitivity_ablation.json,ApplicationNavigation-deployment-goal-shift,ApplicationNavigationSupportShift-v0,ApplicationNavigationSupportShift-v0,native_gymnasium_observation,fuzzy_tau_20,980,eval,100,100,-9.31,100,2,-9.31,40,0.0,100,0,0.0897118389998468,0.04927281900017988,0.040439019999666925,0.04927281900017988,0.040439019999666925,unknown,1.4.0,3.13.5,2.10.0+cpu,2.3.5,fallback-local,not-installed,0.08310128008410249,0.0,0.012382621,0.01656124691713537,29.0,1.0,0.925,0.0,1.0,0.0,1.0,0.0,0.0,0.0,0.0,0.016291440350849173,425.3465,431.682,neural,29.0,145.0,1276.0
asoc_fuzzy_sensitivity_ablation,asoc_fuzzy_sensitivity_ablation,configs/fuzzy_sensitivity_ablation.json,ApplicationNavigation-deployment-goal-shift,ApplicationNavigationSupportShift-v0,ApplicationNavigationSupportShift-v0,native_gymnasium_observation,fuzzy_tau_20,980,train,100,,,100,3,-0.7900000000000003,20,0.0,100,0,0.09055176999981995,0.05011275000015303,0.040439019999666925,0.05011275000015303,0.040439019999666925,unknown,1.4.0,3.13.5,2.10.0+cpu,2.3.5,fallback-local,not-installed,0.08310128008410249,0.0,0.012382621,0.01656124691713537,29.0,1.0,0.05,0.1,0.0,0.10421234618331181,0.8957876538166882,0.0,0.10421234618331181,0.098567902151476,0.12164484478178872,0.15428901567502784,45.486149999999995,23.9375,neural,29.0,145.0,1276.0
asoc_fuzzy_sensitivity_ablation,asoc_fuzzy_sensitivity_ablation,configs/fuzzy_sensitivity_ablation.json,ApplicationNavigation-deployment-goal-shift,ApplicationNavigationSupportShift-v0,ApplicationNavigationSupportShift-v0,native_gymnasium_observation,fuzzy_tau_20,981,train,40,,,40,1,-4.25,40,0.0,40,0,0.01616239500026495,0.01616239500026495,0.0,0.01616239500026495,0.0,unknown,1.4.0,3.13.5,2.10.0+cpu,2.3.5,fallback-local,not-installed,0.25796450071828136,0.0,0.14158218,0.1567002005887932,7.0,1.0,0.375,0.0,0.775,0.06189084181088837,0.1631091581891116,0.0,0.27507040804839283,0.0,0.07065308090967723,0.2933450058134486,45.3676,19.543999999999997,none,7.0,35.0,308.0
asoc_fuzzy_sensitivity_ablation,asoc_fuzzy_sensitivity_ablation,configs/fuzzy_sensitivity_ablation.json,ApplicationNavigation-deployment-goal-shift,ApplicationNavigationSupportShift-v0,ApplicationNavigationSupportShift-v0,native_gymnasium_observation,fuzzy_tau_20,981,eval,50,50,-0.8000000000000004,50,1,-0.8000000000000004,40,0.0,50,0,0.053943813999921986,0.019452580999768543,0.03449123300015344,0.019452580999768543,0.03449123300015344,unknown,1.4.0,3.13.5,2.10.0+cpu,2.3.5,fallback-local,not-installed,0.25796450071828136,0.0,0.09025524,0.10191431346665906,12.0,1.0,0.0,0.0,1.0,0.0,1.0,0.0,0.0,0.0,0.0,0.09248841967215513,378.02250000000004,363.02200000000005,neural,13.0,65.0,556.0
asoc_fuzzy_sensitivity_ablation,asoc_fuzzy_sensitivity_ablation,configs/fuzzy_sensitivity_ablation.json,ApplicationNavigation-deployment-goal-shift,ApplicationNavigationSupportShift-v0,ApplicationNavigationSupportShift-v0,native_gymnasium_observation,fuzzy_tau_20,981,eval,50,50,-0.8000000000000004,50,2,-0.8000000000000004,40,0.0,50,0,0.054040486000303645,0.019549253000150202,0.03449123300015344,0.019549253000150202,0.03449123300015344,unknown,1.4.0,3.13.5,2.10.0+cpu,2.3.5,fallback-local,not-installed,0.25796450071828136,0.0,0.09025524,0.10191431346665906,12.0,1.0,0.0,0.0,1.0,0.0,1.0,0.0,0.0,0.0,0.0,0.09248841967215513,347.446025,342.56899999999996,neural,13.0,65.0,556.0
asoc_fuzzy_sensitivity_ablation,asoc_fuzzy_sensitivity_ablation,configs/fuzzy_sensitivity_ablation.json,ApplicationNavigation-deployment-goal-shift,ApplicationNavigationSupportShift-v0,ApplicationNavigationSupportShift-v0,native_gymnasium_observation,fuzzy_tau_20,981,train,80,,,80,2,-2.9700000000000006,40,0.0,80,0,0.06646181299993259,0.03197057999977915,0.03449123300015344,0.03197057999977915,0.03449123300015344,unknown,1.4.0,3.13.5,2.10.0+cpu,2.3.5,fallback-local,not-installed,0.1414822503591407,0.0,0.031103844,0.049066133347979976,19.0,1.0,0.175,0.175,0.025,0.1800653236518651,0.8199346763481348,0.0,0.1800653236518651,0.238755133912482,0.2020514692675949,0.21662581096582514,37.51365,18.3345,neural,19.0,95.0,836.0
asoc_fuzzy_sensitivity_ablation,asoc_fuzzy_sensitivity_ablation,configs/fuzzy_sensitivity_ablation.json,ApplicationNavigation-deployment-goal-shift,ApplicationNavigationSupportShift-v0,ApplicationNavigationSupportShift-v0,native_gymnasium_observation,fuzzy_tau_20,981,eval,100,100,-9.54,100,1,-9.54,40,0.0,100,0,0.11178794400029801,0.03885530600018683,0.07293263800011118,0.03885530600018683,0.07293263800011118,unknown,1.4.0,3.13.5,2.10.0+cpu,2.3.5,fallback-local,not-installed,0.18485591041501692,0.0,0.013304526,0.03163186499070176,21.0,1.0,0.95,0.0,1.0,0.0,1.0,0.0,0.0,0.0,0.0,0.030661969704655123,425.48099999999994,405.192,neural,21.0,105.0,924.0
asoc_fuzzy_sensitivity_ablation,asoc_fuzzy_sensitivity_ablation,configs/fuzzy_sensitivity_ablation.json,ApplicationNavigation-deployment-goal-shift,ApplicationNavigationSupportShift-v0,ApplicationNavigationSupportShift-v0,native_gymnasium_observation,fuzzy_tau_20,981,eval,100,100,-0.8000000000000004,100,2,-0.8000000000000004,40,0.0,100,0,0.11188694400016175,0.038954306000050565,0.07293263800011118,0.038954306000050565,0.07293263800011118,unknown,1.4.0,3.13.5,2.10.0+cpu,2.3.5,fallback-local,not-installed,0.18485591041501692,0.0,0.013304526,0.03163186499070176,21.0,1.0,0.0,0.0,1.0,0.0,1.0,0.0,0.0,0.0,0.0,0.030661969704655123,383.29972499999997,382.524,neural,21.0,105.0,924.0
asoc_fuzzy_sensitivity_ablation,asoc_fuzzy_sensitivity_ablation,configs/fuzzy_sensitivity_ablation.json,ApplicationNavigation-deployment-goal-shift,ApplicationNavigationSupportShift-v0,ApplicationNavigationSupportShift-v0,native_gymnasium_observation,fuzzy_tau_20,981,train,100,,,100,3,-1.1000000000000003,20,0.0,100,0,0.11302052400014873,0.04008788600003754,0.07293263800011118,0.04008788600003754,0.07293263800011118,unknown,1.4.0,3.13.5,2.10.0+cpu,2.3.5,fallback-local,not-installed,0.18485591041501692,0.0,0.013304526,0.03163186499070176,21.0,1.0,0.1,0.15,0.0,0.25042785791503924,0.7495721420849609,0.0,0.25042785791503924,0.30835055063852185,0.2920523246774337,0.20364727735705776,38.8366,15.7685,neural,21.0,105.0,924.0
asoc_fuzzy_sensitivity_ablation,asoc_fuzzy_sensitivity_ablation,configs/fuzzy_sensitivity_ablation.json,ApplicationNavigation-deployment-goal-shift,ApplicationNavigationSupportShift-v0,ApplicationNavigationSupportShift-v0,native_gymnasium_observation,fuzzy_tau_5,980,train,40,,,40,1,-2.1800000000000006,40,0.0,40,0,0.01679899100008697,0.01679899100008697,0.0,0.01679899100008697,0.0,unknown,1.4.0,3.13.5,2.10.0+cpu,2.3.5,fallback-local,not-installed,0.46358938303264435,0.0,0.1354553,0.13861901205061872,9.0,1.0,0.15,0.0,0.975,0.01158973457581611,0.013410265424183892,0.0,0.46358938303264435,0.0,0.01376677589706946,0.2520219913320973,32.59502500000001,18.345,none,9.0,45.0,396.0
asoc_fuzzy_sensitivity_ablation,asoc_fuzzy_sensitivity_ablation,configs/fuzzy_sensitivity_ablation.json,ApplicationNavigation-deployment-goal-shift,ApplicationNavigationSupportShift-v0,ApplicationNavigationSupportShift-v0,native_gymnasium_observation,fuzzy_tau_5,980,eval,50,50,4.98,50,1,4.98,2,1.0,50,0,0.02503714000022228,0.021513067000341835,0.0035240729998804454,0.021513067000341835,0.0035240729998804454,unknown,1.4.0,3.13.5,2.10.0+cpu,2.3.5,fallback-local,not-installed,0.2798934215912228,0.0,0.08594053,0.09195181606978892,13.0,0.0,0.0,0.0,1.0,0.0,1.0,0.0,0.0,0.0,0.0,0.08420867543473372,477.6875,477.6875,neural,14.0,70.0,600.0
asoc_fuzzy_sensitivity_ablation,asoc_fuzzy_sensitivity_ablation,configs/fuzzy_sensitivity_ablation.json,ApplicationNavigation-deployment-goal-shift,ApplicationNavigationSupportShift-v0,ApplicationNavigationSupportShift-v0,native_gymnasium_observation,fuzzy_tau_5,980,eval,50,50,4.98,50,2,4.98,2,1.0,50,0,0.02511912800036953,0.021595055000489083,0.0035240729998804454,0.021595055000489083,0.0035240729998804454,unknown,1.4.0,3.13.5,2.10.0+cpu,2.3.5,fallback-local,not-installed,0.2798934215912228,0.0,0.08594053,0.09195181606978892,13.0,0.0,0.0,0.0,1.0,0.0,1.0,0.0,0.0,0.0,0.0,0.08420867543473372,409.023,409.023,neural,14.0,70.0,600.0
asoc_fuzzy_sensitivity_ablation,asoc_fuzzy_sensitivity_ablation,configs/fuzzy_sensitivity_ablation.json,ApplicationNavigation-deployment-goal-shift,ApplicationNavigationSupportShift-v0,ApplicationNavigationSupportShift-v0,native_gymnasium_observation,fuzzy_tau_5,980,train,80,,,80,2,-2.1800000000000006,40,0.0,80,0,0.03723376700008885,0.0337096940002084,0.0035240729998804454,0.0337096940002084,0.0035240729998804454,unknown,1.4.0,3.13.5,2.10.0+cpu,2.3.5,fallback-local,not-installed,0.22375445423877757,0.0,0.026463974,0.029742628211278516,22.0,1.0,0.15,0.0,0.65,0.1270954222045572,0.872904577795443,0.0,0.1270954222045572,0.36516459650354793,0.15436823871557345,0.11720529826696358,72.907625,18.717,neural,22.0,110.0,968.0
asoc_fuzzy_sensitivity_ablation,asoc_fuzzy_sensitivity_ablation,configs/fuzzy_sensitivity_ablation.json,ApplicationNavigation-deployment-goal-shift,ApplicationNavigationSupportShift-v0,ApplicationNavigationSupportShift-v0,native_gymnasium_observation,fuzzy_tau_5,980,eval,100,100,-9.31,100,1,-9.31,40,0.0,100,0,0.08064241900001434,0.041052886999750626,0.039589532000263716,0.041052886999750626,0.039589532000263716,unknown,1.4.0,3.13.5,2.10.0+cpu,2.3.5,fallback-local,not-installed,0.2558346393911684,0.0,0.012382621,0.01656124691713537,29.0,1.0,0.925,0.0,1.0,0.0,1.0,0.0,0.0,0.0,0.0,0.016291440350849173,394.916175,391.91150000000005,neural,29.0,145.0,1276.0
asoc_fuzzy_sensitivity_ablation,asoc_fuzzy_sensitivity_ablation,configs/fuzzy_sensitivity_ablation.json,ApplicationNavigation-deployment-goal-shift,ApplicationNavigationSupportShift-v0,ApplicationNavigationSupportShift-v0,native_gymnasium_observation,fuzzy_tau_5,980,eval,100,100,-9.31,100,2,-9.31,40,0.0,100,0,0.08076682700038873,0.041177295000125014,0.039589532000263716,0.041177295000125014,0.039589532000263716,unknown,1.4.0,3.13.5,2.10.0+cpu,2.3.5,fallback-local,not-installed,0.2558346393911684,0.0,0.012382621,0.01656124691713537,29.0,1.0,0.925,0.0,1.0,0.0,1.0,0.0,0.0,0.0,0.0,0.016291440350849173,361.7454000000001,353.9395,neural,29.0,145.0,1276.0
asoc_fuzzy_sensitivity_ablation,asoc_fuzzy_sensitivity_ablation,configs/fuzzy_sensitivity_ablation.json,ApplicationNavigation-deployment-goal-shift,ApplicationNavigationSupportShift-v0,ApplicationNavigationSupportShift-v0,native_gymnasium_observation,fuzzy_tau_5,980,train,100,,,100,3,-0.7900000000000003,20,0.0,100,0,0.08149432700020043,0.04190479499993671,0.039589532000263716,0.04190479499993671,0.039589532000263716,unknown,1.4.0,3.13.5,2.10.0+cpu,2.3.5,fallback-local,not-installed,0.2558346393911684,0.0,0.012382621,0.01656124691713537,29.0,1.0,0.05,0.1,0.0,0.3085305015379844,0.6914694984620159,0.0,0.3085305015379844,0.3106338861500645,0.3844402308504364,0.15428901567502784,37.21665,18.644,neural,29.0,145.0,1276.0
asoc_fuzzy_sensitivity_ablation,asoc_fuzzy_sensitivity_ablation,configs/fuzzy_sensitivity_ablation.json,ApplicationNavigation-deployment-goal-shift,ApplicationNavigationSupportShift-v0,ApplicationNavigationSupportShift-v0,native_gymnasium_observation,fuzzy_tau_5,981,train,40,,,40,1,-4.02,40,0.0,40,0,0.015221646000100009,0.015221646000100009,0.0,0.015221646000100009,0.0,unknown,1.4.0,3.13.5,2.10.0+cpu,2.3.5,fallback-local,not-installed,0.6220893815205402,0.0,0.14167441,0.15460492412359955,7.0,1.0,0.35,0.0,0.775,0.1445312885014606,0.08046871149853939,0.0,0.6423612822287138,0.0,0.17460839875532522,0.29217642315325376,39.21265,18.3295,none,7.0,35.0,308.0
asoc_fuzzy_sensitivity_ablation,asoc_fuzzy_sensitivity_ablation,configs/fuzzy_sensitivity_ablation.json,ApplicationNavigation-deployment-goal-shift,ApplicationNavigationSupportShift-v0,ApplicationNavigationSupportShift-v0,native_gymnasium_observation,fuzzy_tau_5,981,eval,50,50,-0.8000000000000004,50,1,-0.8000000000000004,40,0.0,50,0,0.05546704500011401,0.018664875000013126,0.03680217000010089,0.018664875000013126,0.03680217000010089,unknown,1.4.0,3.13.5,2.10.0+cpu,2.3.5,fallback-local,not-installed,0.6220893815205402,0.0,0.09031046,0.10065979404903082,12.0,1.0,0.0,0.0,1.0,0.0,1.0,0.0,0.0,0.0,0.0,0.09145404837468493,376.74440000000004,367.2795,neural,13.0,65.0,556.0
asoc_fuzzy_sensitivity_ablation,asoc_fuzzy_sensitivity_ablation,configs/fuzzy_sensitivity_ablation.json,ApplicationNavigation-deployment-goal-shift,ApplicationNavigationSupportShift-v0,ApplicationNavigationSupportShift-v0,native_gymnasium_observation,fuzzy_tau_5,981,eval,50,50,-0.8000000000000004,50,2,-0.8000000000000004,40,0.0,50,0,0.055598155000097904,0.018795984999997017,0.03680217000010089,0.018795984999997017,0.03680217000010089,unknown,1.4.0,3.13.5,2.10.0+cpu,2.3.5,fallback-local,not-installed,0.6220893815205402,0.0,0.09031046,0.10065979404903082,12.0,1.0,0.0,0.0,1.0,0.0,1.0,0.0,0.0,0.0,0.0,0.09145404837468493,394.55165,392.96000000000004,neural,13.0,65.0,556.0
asoc_fuzzy_sensitivity_ablation,asoc_fuzzy_sensitivity_ablation,configs/fuzzy_sensitivity_ablation.json,ApplicationNavigation-deployment-goal-shift,ApplicationNavigationSupportShift-v0,ApplicationNavigationSupportShift-v0,native_gymnasium_observation,fuzzy_tau_5,981,train,80,,,80,2,-2.9700000000000006,40,0.0,80,0,0.06929623700034426,0.032494067000243376,0.03680217000010089,0.032494067000243376,0.03680217000010089,unknown,1.4.0,3.13.5,2.10.0+cpu,2.3.5,fallback-local,not-installed,0.34619836499987533,0.0,0.0311157,0.048796864850837826,19.0,1.0,0.175,0.175,0.025,0.42197958774471794,0.5780204122552821,0.0,0.42197958774471794,0.5179641058368318,0.5159963450447973,0.21559470627578362,48.54655,19.8135,memory,19.0,95.0,836.0
asoc_fuzzy_sensitivity_ablation,asoc_fuzzy_sensitivity_ablation,configs/fuzzy_sensitivity_ablation.json,ApplicationNavigation-deployment-goal-shift,ApplicationNavigationSupportShift-v0,ApplicationNavigationSupportShift-v0,native_gymnasium_observation,fuzzy_tau_5,981,eval,100,100,-9.54,100,1,-9.54,40,0.0,100,0,0.11664368700030536,0.03978911500007598,0.07685457200022938,0.03978911500007598,0.07685457200022938,unknown,1.4.0,3.13.5,2.10.0+cpu,2.3.5,fallback-local,not-installed,0.42011852347635426,0.0,0.01330878,0.03153533602512819,21.0,1.0,0.95,0.0,1.0,0.0,1.0,0.0,0.0,0.0,0.0,0.030571261035656837,382.70062499999995,386.93899999999996,neural,21.0,105.0,924.0
asoc_fuzzy_sensitivity_ablation,asoc_fuzzy_sensitivity_ablation,configs/fuzzy_sensitivity_ablation.json,ApplicationNavigation-deployment-goal-shift,ApplicationNavigationSupportShift-v0,ApplicationNavigationSupportShift-v0,native_gymnasium_observation,fuzzy_tau_5,981,eval,100,100,-0.8000000000000004,100,2,-0.8000000000000004,40,0.0,100,0,0.11674806500013801,0.03989349299990863,0.07685457200022938,0.03989349299990863,0.07685457200022938,unknown,1.4.0,3.13.5,2.10.0+cpu,2.3.5,fallback-local,not-installed,0.42011852347635426,0.0,0.01330878,0.03153533602512819,21.0,1.0,0.0,0.0,1.0,0.0,1.0,0.0,0.0,0.0,0.0,0.030571261035656837,462.96825,418.4135,neural,21.0,105.0,924.0
asoc_fuzzy_sensitivity_ablation,asoc_fuzzy_sensitivity_ablation,configs/fuzzy_sensitivity_ablation.json,ApplicationNavigation-deployment-goal-shift,ApplicationNavigationSupportShift-v0,ApplicationNavigationSupportShift-v0,native_gymnasium_observation,fuzzy_tau_5,981,train,100,,,100,3,-1.1000000000000003,20,0.0,100,0,0.117636032000064,0.040781459999834624,0.07685457200022938,0.040781459999834624,0.07685457200022938,unknown,1.4.0,3.13.5,2.10.0+cpu,2.3.5,fallback-local,not-installed,0.42011852347635426,0.0,0.01330878,0.03153533602512819,21.0,1.0,0.1,0.15,0.0,0.5144845962339228,0.48551540376607727,0.0,0.5144845962339228,0.5751844604238493,0.6414221834871894,0.2034577361187313,37.7872,18.104999999999997,memory,21.0,105.0,924.0
asoc_fuzzy_sensitivity_ablation,asoc_fuzzy_sensitivity_ablation,configs/fuzzy_sensitivity_ablation.json,ApplicationNavigation-deployment-goal-shift,ApplicationNavigationSupportShift-v0,ApplicationNavigationSupportShift-v0,native_gymnasium_observation,fuzzy_tau_80,980,train,40,,,40,1,-2.1800000000000006,40,0.0,40,0,0.015205860000151006,0.015205860000151006,0.0,0.015205860000151006,0.0,unknown,1.4.0,3.13.5,2.10.0+cpu,2.3.5,fallback-local,not-installed,0.05,0.0,0.1354553,0.13861901205061872,9.0,1.0,0.15,0.0,0.975,0.00125,0.02375,0.0,0.05,0.0,0.0012192643874821495,0.2520219913320973,31.462049999999998,17.6175,none,9.0,45.0,396.0
asoc_fuzzy_sensitivity_ablation,asoc_fuzzy_sensitivity_ablation,configs/fuzzy_sensitivity_ablation.json,ApplicationNavigation-deployment-goal-shift,ApplicationNavigationSupportShift-v0,ApplicationNavigationSupportShift-v0,native_gymnasium_observation,fuzzy_tau_80,980,eval,50,50,4.98,50,1,4.98,2,1.0,50,0,0.022848120000162453,0.019727891999991698,0.003120228000170755,0.019727891999991698,0.003120228000170755,unknown,1.4.0,3.13.5,2.10.0+cpu,2.3.5,fallback-local,not-installed,0.03333333333333333,0.0,0.08594053,0.09195181606978892,13.0,0.0,0.0,0.0,1.0,0.0,1.0,0.0,0.0,0.0,0.0,0.08420867543473372,347.976,347.976,neural,14.0,70.0,600.0
asoc_fuzzy_sensitivity_ablation,asoc_fuzzy_sensitivity_ablation,configs/fuzzy_sensitivity_ablation.json,ApplicationNavigation-deployment-goal-shift,ApplicationNavigationSupportShift-v0,ApplicationNavigationSupportShift-v0,native_gymnasium_observation,fuzzy_tau_80,980,eval,50,50,4.98,50,2,4.98,2,1.0,50,0,0.022954526000376063,0.019834298000205308,0.003120228000170755,0.019834298000205308,0.003120228000170755,unknown,1.4.0,3.13.5,2.10.0+cpu,2.3.5,fallback-local,not-installed,0.03333333333333333,0.0,0.08594053,0.09195181606978892,13.0,0.0,0.0,0.0,1.0,0.0,1.0,0.0,0.0,0.0,0.0,0.08420867543473372,357.38149999999996,357.38149999999996,neural,14.0,70.0,600.0
asoc_fuzzy_sensitivity_ablation,asoc_fuzzy_sensitivity_ablation,configs/fuzzy_sensitivity_ablation.json,ApplicationNavigation-deployment-goal-shift,ApplicationNavigationSupportShift-v0,ApplicationNavigationSupportShift-v0,native_gymnasium_observation,fuzzy_tau_80,980,train,80,,,80,2,-2.1800000000000006,40,0.0,80,0,0.03735264400029337,0.03423241600012261,0.003120228000170755,0.03423241600012261,0.003120228000170755,unknown,1.4.0,3.13.5,2.10.0+cpu,2.3.5,fallback-local,not-installed,0.03333333333333333,0.0,0.026463974,0.029742628211278516,22.0,1.0,0.15,0.0,0.65,0.0175,0.9825000000000002,0.0,0.0175,0.05,0.012859283981070163,0.11720529826696358,72.657325,20.0565,neural,22.0,110.0,968.0
asoc_fuzzy_sensitivity_ablation,asoc_fuzzy_sensitivity_ablation,configs/fuzzy_sensitivity_ablation.json,ApplicationNavigation-deployment-goal-shift,ApplicationNavigationSupportShift-v0,ApplicationNavigationSupportShift-v0,native_gymnasium_observation,fuzzy_tau_80,980,eval,100,100,-9.31,100,1,-9.31,40,0.0,100,0,0.08516758600035246,0.04346732100020745,0.04170026500014501,0.04346732100020745,0.04170026500014501,unknown,1.4.0,3.13.5,2.10.0+cpu,2.3.5,fallback-local,not-installed,0.03571428571428571,0.0,0.012382621,0.01656124691713537,29.0,1.0,0.925,0.0,1.0,0.0,1.0,0.0,0.0,0.0,0.0,0.016291440350849173,434.13305,433.7075,neural,29.0,145.0,1276.0
asoc_fuzzy_sensitivity_ablation,asoc_fuzzy_sensitivity_ablation,configs/fuzzy_sensitivity_ablation.json,ApplicationNavigation-deployment-goal-shift,ApplicationNavigationSupportShift-v0,ApplicationNavigationSupportShift-v0,native_gymnasium_observation,fuzzy_tau_80,980,eval,100,100,-9.31,100,2,-9.31,40,0.0,100,0,0.08526540900038526,0.04356514400024025,0.04170026500014501,0.04356514400024025,0.04170026500014501,unknown,1.4.0,3.13.5,2.10.0+cpu,2.3.5,fallback-local,not-installed,0.03571428571428571,0.0,0.012382621,0.01656124691713537,29.0,1.0,0.925,0.0,1.0,0.0,1.0,0.0,0.0,0.0,0.0,0.016291440350849173,376.178575,352.2785,neural,29.0,145.0,1276.0
asoc_fuzzy_sensitivity_ablation,asoc_fuzzy_sensitivity_ablation,configs/fuzzy_sensitivity_ablation.json,ApplicationNavigation-deployment-goal-shift,ApplicationNavigationSupportShift-v0,ApplicationNavigationSupportShift-v0,native_gymnasium_observation,fuzzy_tau_80,980,train,100,,,100,3,-0.7900000000000003,20,0.0,100,0,0.08613251600036165,0.04443225100021664,0.04170026500014501,0.04443225100021664,0.04170026500014501,unknown,1.4.0,3.13.5,2.10.0+cpu,2.3.5,fallback-local,not-installed,0.03571428571428571,0.0,0.012382621,0.01656124691713537,29.0,1.0,0.05,0.1,0.0,0.05000000000000001,0.9499999999999998,0.0,0.05000000000000001,0.0,0.03241380630236064,0.15428901567502784,41.9143,18.686500000000002,neural,29.0,145.0,1276.0
asoc_fuzzy_sensitivity_ablation,asoc_fuzzy_sensitivity_ablation,configs/fuzzy_sensitivity_ablation.json,ApplicationNavigation-deployment-goal-shift,ApplicationNavigationSupportShift-v0,ApplicationNavigationSupportShift-v0,native_gymnasium_observation,fuzzy_tau_80,981,train,40,,,40,1,-4.48,40,0.0,40,0,0.016298778999953356,0.016298778999953356,0.0,0.016298778999953356,0.0,unknown,1.4.0,3.13.5,2.10.0+cpu,2.3.5,fallback-local,not-installed,0.07334134937535083,0.0,0.14159107,0.15902183656130692,7.0,1.0,0.4,0.0,0.775,0.017752831831316564,0.20724716816868344,0.0,0.0789014748058514,0.0,0.02026627752727944,0.2933450058134486,40.69070000000001,19.0285,none,7.0,35.0,308.0
asoc_fuzzy_sensitivity_ablation,asoc_fuzzy_sensitivity_ablation,configs/fuzzy_sensitivity_ablation.json,ApplicationNavigation-deployment-goal-shift,ApplicationNavigationSupportShift-v0,ApplicationNavigationSupportShift-v0,native_gymnasium_observation,fuzzy_tau_80,981,eval,50,50,-0.8000000000000004,50,1,-0.8000000000000004,40,0.0,50,0,0.05763610099984362,0.019918814999982715,0.037717285999860906,0.019918814999982715,0.037717285999860906,unknown,1.4.0,3.13.5,2.10.0+cpu,2.3.5,fallback-local,not-installed,0.07334134937535083,0.0,0.09026057,0.10330436268286763,12.0,1.0,0.0,0.0,1.0,0.0,1.0,0.0,0.0,0.0,0.0,0.09363179026290255,401.47742500000004,403.71799999999996,neural,13.0,65.0,556.0
asoc_fuzzy_sensitivity_ablation,asoc_fuzzy_sensitivity_ablation,configs/fuzzy_sensitivity_ablation.json,ApplicationNavigation-deployment-goal-shift,ApplicationNavigationSupportShift-v0,ApplicationNavigationSupportShift-v0,native_gymnasium_observation,fuzzy_tau_80,981,eval,50,50,-0.8000000000000004,50,2,-0.8000000000000004,40,0.0,50,0,0.057761989000027825,0.02004470300016692,0.037717285999860906,0.02004470300016692,0.037717285999860906,unknown,1.4.0,3.13.5,2.10.0+cpu,2.3.5,fallback-local,not-installed,0.07334134937535083,0.0,0.09026057,0.10330436268286763,12.0,1.0,0.0,0.0,1.0,0.0,1.0,0.0,0.0,0.0,0.0,0.09363179026290255,385.66895000000005,370.42150000000004,neural,13.0,65.0,556.0
asoc_fuzzy_sensitivity_ablation,asoc_fuzzy_sensitivity_ablation,configs/fuzzy_sensitivity_ablation.json,ApplicationNavigation-deployment-goal-shift,ApplicationNavigationSupportShift-v0,ApplicationNavigationSupportShift-v0,native_gymnasium_observation,fuzzy_tau_80,981,train,80,,,80,2,-2.9700000000000006,40,0.0,80,0,0.06967810300011479,0.03196081700025388,0.037717285999860906,0.03196081700025388,0.037717285999860906,unknown,1.4.0,3.13.5,2.10.0+cpu,2.3.5,fallback-local,not-installed,0.049170674687675414,0.0,0.03110499,0.04936449179356682,19.0,1.0,0.175,0.175,0.025,0.06709226633263851,0.9329077336673613,0.0,0.06709226633263851,0.033349575150251845,0.05761885487032266,0.21685243188427342,35.040525,18.240000000000002,neural,19.0,95.0,836.0
asoc_fuzzy_sensitivity_ablation,asoc_fuzzy_sensitivity_ablation,configs/fuzzy_sensitivity_ablation.json,ApplicationNavigation-deployment-goal-shift,ApplicationNavigationSupportShift-v0,ApplicationNavigationSupportShift-v0,native_gymnasium_observation,fuzzy_tau_80,981,eval,100,100,-9.54,100,1,-9.54,40,0.0,100,0,0.1131127280000328,0.03922493800018856,0.07388778999984424,0.03922493800018856,0.07388778999984424,unknown,1.4.0,3.13.5,2.10.0+cpu,2.3.5,fallback-local,not-installed,0.0611011346323622,0.0,0.013304939,0.031738822293276334,21.0,1.0,0.95,0.0,1.0,0.0,1.0,0.0,0.0,0.0,0.0,0.03076245810226421,356.71115,348.8895,neural,21.0,105.0,924.0
asoc_fuzzy_sensitivity_ablation,asoc_fuzzy_sensitivity_ablation,configs/fuzzy_sensitivity_ablation.json,ApplicationNavigation-deployment-goal-shift,ApplicationNavigationSupportShift-v0,ApplicationNavigationSupportShift-v0,native_gymnasium_observation,fuzzy_tau_80,981,eval,100,100,-0.8000000000000004,100,2,-0.8000000000000004,40,0.0,100,0,0.11320582700000159,0.039318037000157346,0.07388778999984424,0.039318037000157346,0.07388778999984424,unknown,1.4.0,3.13.5,2.10.0+cpu,2.3.5,fallback-local,not-installed,0.0611011346323622,0.0,0.013304939,0.031738822293276334,21.0,1.0,0.0,0.0,1.0,0.0,1.0,0.0,0.0,0.0,0.0,0.03076245810226421,396.38917499999997,416.1495,neural,21.0,105.0,924.0
asoc_fuzzy_sensitivity_ablation,asoc_fuzzy_sensitivity_ablation,configs/fuzzy_sensitivity_ablation.json,ApplicationNavigation-deployment-goal-shift,ApplicationNavigationSupportShift-v0,ApplicationNavigationSupportShift-v0,native_gymnasium_observation,fuzzy_tau_80,981,train,100,,,100,3,-1.1000000000000003,20,0.0,100,0,0.11398987199982002,0.04010208199997578,0.07388778999984424,0.04010208199997578,0.07388778999984424,unknown,1.4.0,3.13.5,2.10.0+cpu,2.3.5,fallback-local,not-installed,0.0611011346323622,0.0,0.013304939,0.031738822293276334,21.0,1.0,0.1,0.15,0.0,0.08823493336722106,0.911765066632779,0.0,0.08823493336722106,0.05882297441110931,0.08785044232898889,0.20385710346625205,37.460899999999995,17.901,neural,21.0,105.0,924.0
asoc_fuzzy_sensitivity_ablation,asoc_fuzzy_sensitivity_ablation,configs/fuzzy_sensitivity_ablation.json,ApplicationNavigation-deployment-goal-shift,ApplicationNavigationSupportShift-v0,ApplicationNavigationSupportShift-v0,native_gymnasium_observation,fuzzy_zero_support_abstain,980,train,40,,,40,1,-2.1800000000000006,40,0.0,40,0,0.018105153000306018,0.018105153000306018,0.0,0.018105153000306018,0.0,unknown,1.4.0,3.13.5,2.10.0+cpu,2.3.5,fallback-local,not-installed,0.15429877479134674,0.0,0.1354553,0.13861901205061872,9.0,1.0,0.15,0.0,0.975,0.0038574693697836686,0.021142530630216334,0.0,0.15429877479134674,0.0,0.004531731173050455,0.2520219913320973,35.10655,22.54,none,9.0,45.0,396.0
asoc_fuzzy_sensitivity_ablation,asoc_fuzzy_sensitivity_ablation,configs/fuzzy_sensitivity_ablation.json,ApplicationNavigation-deployment-goal-shift,ApplicationNavigationSupportShift-v0,ApplicationNavigationSupportShift-v0,native_gymnasium_observation,fuzzy_zero_support_abstain,980,eval,50,50,-1.0300000000000002,50,1,-1.0300000000000002,40,0.0,50,0,0.04398760200001561,0.02270539400024063,0.021282207999774982,0.02270539400024063,0.021282207999774982,unknown,1.4.0,3.13.5,2.10.0+cpu,2.3.5,fallback-local,not-installed,0.09013550398359482,0.0,0.08420702,0.08939694004641771,13.0,1.0,0.025,0.0,1.0,0.0,0.0,1.0,0.0,0.0,0.0,0.08206094285762235,191.77677500000001,182.2955,abstention,14.0,70.0,600.0
asoc_fuzzy_sensitivity_ablation,asoc_fuzzy_sensitivity_ablation,configs/fuzzy_sensitivity_ablation.json,ApplicationNavigation-deployment-goal-shift,ApplicationNavigationSupportShift-v0,ApplicationNavigationSupportShift-v0,native_gymnasium_observation,fuzzy_zero_support_abstain,980,eval,50,50,-0.8000000000000004,50,2,-0.8000000000000004,40,0.0,50,0,0.044122355000126845,0.022840147000351863,0.021282207999774982,0.022840147000351863,0.021282207999774982,unknown,1.4.0,3.13.5,2.10.0+cpu,2.3.5,fallback-local,not-installed,0.09013550398359482,0.0,0.08420702,0.08939694004641771,13.0,1.0,0.0,0.0,1.0,0.0,0.0,1.0,0.0,0.0,0.0,0.08206094285762235,202.0478,207.161,abstention,14.0,70.0,600.0
asoc_fuzzy_sensitivity_ablation,asoc_fuzzy_sensitivity_ablation,configs/fuzzy_sensitivity_ablation.json,ApplicationNavigation-deployment-goal-shift,ApplicationNavigationSupportShift-v0,ApplicationNavigationSupportShift-v0,native_gymnasium_observation,fuzzy_zero_support_abstain,980,train,80,,,80,2,-2.1800000000000006,40,0.0,80,0,0.05733129500003997,0.03604908700026499,0.021282207999774982,0.03604908700026499,0.021282207999774982,unknown,1.4.0,3.13.5,2.10.0+cpu,2.3.5,fallback-local,not-installed,0.08825216000196785,0.0,0.026703995,0.02759494378367358,23.0,1.0,0.15,0.0,0.65,0.05089818773412567,0.2991018122658743,0.65,0.05089818773412567,0.11610773715943773,0.06098185767459889,0.12402642735893558,64.39212500000001,19.863999999999997,abstention,23.0,115.0,1012.0
asoc_fuzzy_sensitivity_ablation,asoc_fuzzy_sensitivity_ablation,configs/fuzzy_sensitivity_ablation.json,ApplicationNavigation-deployment-goal-shift,ApplicationNavigationSupportShift-v0,ApplicationNavigationSupportShift-v0,native_gymnasium_observation,fuzzy_zero_support_abstain,980,eval,100,100,-0.8000000000000004,100,1,-0.8000000000000004,40,0.0,100,0,0.08359147300006953,0.04379543200002445,0.03979604100004508,0.04379543200002445,0.03979604100004508,unknown,1.4.0,3.13.5,2.10.0+cpu,2.3.5,fallback-local,not-installed,0.09685905684244464,0.0,0.012468666,0.015791332284062952,30.0,1.0,0.0,0.0,1.0,0.0,0.0,1.0,0.0,0.0,0.0,0.01554584271609728,164.20952499999999,162.89100000000002,abstention,30.0,150.0,1320.0
asoc_fuzzy_sensitivity_ablation,asoc_fuzzy_sensitivity_ablation,configs/fuzzy_sensitivity_ablation.json,ApplicationNavigation-deployment-goal-shift,ApplicationNavigationSupportShift-v0,ApplicationNavigationSupportShift-v0,native_gymnasium_observation,fuzzy_zero_support_abstain,980,eval,100,100,-0.8000000000000004,100,2,-0.8000000000000004,40,0.0,100,0,0.08373248300040359,0.04393644200035851,0.03979604100004508,0.04393644200035851,0.03979604100004508,unknown,1.4.0,3.13.5,2.10.0+cpu,2.3.5,fallback-local,not-installed,0.09685905684244464,0.0,0.012468666,0.015791332284062952,30.0,1.0,0.0,0.0,1.0,0.0,0.0,1.0,0.0,0.0,0.0,0.01554584271609728,177.50285000000002,174.8875,abstention,30.0,150.0,1320.0
asoc_fuzzy_sensitivity_ablation,asoc_fuzzy_sensitivity_ablation,configs/fuzzy_sensitivity_ablation.json,ApplicationNavigation-deployment-goal-shift,ApplicationNavigationSupportShift-v0,ApplicationNavigationSupportShift-v0,native_gymnasium_observation,fuzzy_zero_support_abstain,980,train,100,,,100,3,-0.7900000000000003,20,0.0,100,0,0.08467876700024135,0.04488272600019627,0.03979604100004508,0.04488272600019627,0.03979604100004508,unknown,1.4.0,3.13.5,2.10.0+cpu,2.3.5,fallback-local,not-installed,0.09685905684244464,0.0,0.012468666,0.015791332284062952,30.0,1.0,0.05,0.1,0.0,0.11544369707448601,0.8845563029255139,0.0,0.11544369707448601,0.07345942402404296,0.14252124769092825,0.17570719897453452,39.75465000000001,19.519,neural,30.0,150.0,1320.0
asoc_fuzzy_sensitivity_ablation,asoc_fuzzy_sensitivity_ablation,configs/fuzzy_sensitivity_ablation.json,ApplicationNavigation-deployment-goal-shift,ApplicationNavigationSupportShift-v0,ApplicationNavigationSupportShift-v0,native_gymnasium_observation,fuzzy_zero_support_abstain,981,train,40,,,40,1,-4.25,40,0.0,40,0,0.01503561500021533,0.01503561500021533,0.0,0.01503561500021533,0.0,unknown,1.4.0,3.13.5,2.10.0+cpu,2.3.5,fallback-local,not-installed,0.25796450071828136,0.0,0.14158218,0.1567002005887932,7.0,1.0,0.375,0.0,0.775,0.06189084181088837,0.1631091581891116,0.0,0.27507040804839283,0.0,0.07065308090967723,0.2933450058134486,36.6687,17.4585,none,7.0,35.0,308.0
asoc_fuzzy_sensitivity_ablation,asoc_fuzzy_sensitivity_ablation,configs/fuzzy_sensitivity_ablation.json,ApplicationNavigation-deployment-goal-shift,ApplicationNavigationSupportShift-v0,ApplicationNavigationSupportShift-v0,native_gymnasium_observation,fuzzy_zero_support_abstain,981,eval,50,50,-0.8000000000000004,50,1,-0.8000000000000004,40,0.0,50,0,0.037449902999924234,0.01874904999976934,0.018700853000154893,0.01874904999976934,0.018700853000154893,unknown,1.4.0,3.13.5,2.10.0+cpu,2.3.5,fallback-local,not-installed,0.25796450071828136,0.0,0.09025524,0.10191431346665906,12.0,1.0,0.0,0.0,1.0,0.0,0.0,1.0,0.0,0.0,0.0,0.09248841967215513,178.340175,162.0055,abstention,13.0,65.0,556.0
asoc_fuzzy_sensitivity_ablation,asoc_fuzzy_sensitivity_ablation,configs/fuzzy_sensitivity_ablation.json,ApplicationNavigation-deployment-goal-shift,ApplicationNavigationSupportShift-v0,ApplicationNavigationSupportShift-v0,native_gymnasium_observation,fuzzy_zero_support_abstain,981,eval,50,50,-0.8000000000000004,50,2,-0.8000000000000004,40,0.0,50,0,0.03758985300009954,0.018888999999944645,0.018700853000154893,0.018888999999944645,0.018700853000154893,unknown,1.4.0,3.13.5,2.10.0+cpu,2.3.5,fallback-local,not-installed,0.25796450071828136,0.0,0.09025524,0.10191431346665906,12.0,1.0,0.0,0.0,1.0,0.0,0.0,1.0,0.0,0.0,0.0,0.09248841967215513,170.13197499999998,160.33100000000002,abstention,13.0,65.0,556.0
asoc_fuzzy_sensitivity_ablation,asoc_fuzzy_sensitivity_ablation,configs/fuzzy_sensitivity_ablation.json,ApplicationNavigation-deployment-goal-shift,ApplicationNavigationSupportShift-v0,ApplicationNavigationSupportShift-v0,native_gymnasium_observation,fuzzy_zero_support_abstain,981,train,80,,,80,2,-2.9700000000000006,40,0.0,80,0,0.05162845800032301,0.032927605000168114,0.018700853000154893,0.032927605000168114,0.018700853000154893,unknown,1.4.0,3.13.5,2.10.0+cpu,2.3.5,fallback-local,not-installed,0.1414822503591407,0.0,0.031103844,0.049066133347979976,19.0,1.0,0.175,0.175,0.025,0.1800653236518651,0.794934676348135,0.025,0.1800653236518651,0.238755133912482,0.2020514692675949,0.21662581096582514,39.426075,21.031,neural,19.0,95.0,836.0
asoc_fuzzy_sensitivity_ablation,asoc_fuzzy_sensitivity_ablation,configs/fuzzy_sensitivity_ablation.json,ApplicationNavigation-deployment-goal-shift,ApplicationNavigationSupportShift-v0,ApplicationNavigationSupportShift-v0,native_gymnasium_observation,fuzzy_zero_support_abstain,981,eval,100,100,-0.8000000000000004,100,1,-0.8000000000000004,40,0.0,100,0,0.07857408300014868,0.041107863999968686,0.03746621900017999,0.041107863999968686,0.03746621900017999,unknown,1.4.0,3.13.5,2.10.0+cpu,2.3.5,fallback-local,not-installed,0.18485591041501692,0.0,0.013304526,0.03163186499070176,21.0,1.0,0.0,0.0,1.0,0.0,0.0,1.0,0.0,0.0,0.0,0.030661969704655123,176.104875,170.8985,abstention,21.0,105.0,924.0
asoc_fuzzy_sensitivity_ablation,asoc_fuzzy_sensitivity_ablation,configs/fuzzy_sensitivity_ablation.json,ApplicationNavigation-deployment-goal-shift,ApplicationNavigationSupportShift-v0,ApplicationNavigationSupportShift-v0,native_gymnasium_observation,fuzzy_zero_support_abstain,981,eval,100,100,-0.8000000000000004,100,2,-0.8000000000000004,40,0.0,100,0,0.07870944900014365,0.04124322999996366,0.03746621900017999,0.04124322999996366,0.03746621900017999,unknown,1.4.0,3.13.5,2.10.0+cpu,2.3.5,fallback-local,not-installed,0.18485591041501692,0.0,0.013304526,0.03163186499070176,21.0,1.0,0.0,0.0,1.0,0.0,0.0,1.0,0.0,0.0,0.0,0.030661969704655123,167.612725,160.9605,abstention,21.0,105.0,924.0
asoc_fuzzy_sensitivity_ablation,asoc_fuzzy_sensitivity_ablation,configs/fuzzy_sensitivity_ablation.json,ApplicationNavigation-deployment-goal-shift,ApplicationNavigationSupportShift-v0,ApplicationNavigationSupportShift-v0,native_gymnasium_observation,fuzzy_zero_support_abstain,981,train,100,,,100,3,-1.1000000000000003,20,0.0,100,0,0.07943649700018796,0.041970278000007966,0.03746621900017999,0.041970278000007966,0.03746621900017999,unknown,1.4.0,3.13.5,2.10.0+cpu,2.3.5,fallback-local,not-installed,0.18485591041501692,0.0,0.013304526,0.03163186499070176,21.0,1.0,0.1,0.15,0.0,0.25042785791503924,0.7495721420849609,0.0,0.25042785791503924,0.30835055063852185,0.2920523246774337,0.20364727735705776,41.23035,19.424500000000002,neural,21.0,105.0,924.0
